study_programme_name,hogeschool,study_programme_type,study_programme_location,study_programme_language,study_programme_length,text
communication and multimedia design,Hogeschool van Amsterdam,B,Amsterdam,Nederlands,4 jaar,Designers inclusiviteit interactieontwerp
forensisch onderzoek,Hogeschool van Amsterdam,B,Amsterdam,Nederlands,4 jaar,DNA-onderzoek misdrijf hypothesen onderzoekstechnieken DNA-onderzoek typering vergelijking substanties DNA-onderzoek typering vergelijking substanties verzekeraars
toegepaste wiskunde,Hogeschool van Amsterdam,B,Amsterdam,Nederlands,4 jaar,energienetwerk
technische natuurkunde,Hogeschool van Amsterdam,B,Amsterdam,Nederlands,4 jaar,supercomputers nano-materialen speakers lenstechnologie N&G elektromagnetisme waterraket akoestiek verdiepingsthema ingangseisen
maritiem officier,Hogeschool van Amsterdam,B,Amsterdam,Nederlands,4 jaar,managementfunctie beladen cruiseschip
logistics engineering,Hogeschool van Amsterdam,B,Amsterdam,Nederlands,4 jaar,goederen pakketje evenement transportroutes magazijnontwerp distributielogistiek
hbo-ict,Hogeschool van Amsterdam,B,Amsterdam,Nederlands,4 jaar,virtual ICT-oplossingen ICT-richtingen toon
fashion & textile technologies,Hogeschool van Amsterdam,B,Amsterdam,Nederlands,4 jaar,ambitieus mode modebedrijf winstdoel hogeschool/universiteit Hong
aviation,Hogeschool van Amsterdam,B,Amsterdam,Nederlands,4 jaar,vliegtuigtechniek selectieprogramma luchtverkeersleider uitzondering havo-en vliegtuig selectieprogramma wo-masters managementgebied
engineering,Hogeschool van Amsterdam,B,Amsterdam,Nederlands,4 jaar,managementfunctie samenwerkingstraject hbo-master
biomedische technologie,Hogeschool van Amsterdam,B,Amsterdam,Nederlands,4 jaar,gezondheidsproduct gezondheidsvraagstuk gezondheidsvraagstuk
built environment,Hogeschool van Amsterdam,B,Amsterdam,Nederlands,4 jaar,gelden
applied artificial intelligence,Hogeschool van Amsterdam,M,Amsterdam,Nederlands,1 jaar,AI-oplossingen inschrijvingsproces AI-oplossingen consequenties snelheid taalverwerking opdrachtcasus AI-model AI-oplossing praktijkonderzoek
urban technology,Hogeschool van Amsterdam,M,Amsterdam,Nederlands,1 jaar,diplomawaardeerders onderwijsblokken Urban evaluatie punt verdediging
digital design,Hogeschool van Amsterdam,M,Amsterdam,Engels,1 jaar,Design-traject Science-programma ontwerpbenadering praktijken ontwerpervaring component workflow minimum sollicitaties bubbels beoordelingen begeleiden waarden stemmen teamprojecten tentoonstelling evenement diner
digital driven business,Hogeschool van Amsterdam,M,Amsterdam,Engels,1 jaar,matchmaker Bedrijfskunde/Economie niet-marketeers vervolgmasteropleiding basisbegrip basiscursussen
cybersecurity,Hogeschool van Amsterdam,AD,Amsterdam,Nederlands,2 jaar,hbo-bachelor Monitoring Hacking
smart media production,Hogeschool van Amsterdam,AD,Amsterdam,Nederlands,2 jaar,aanbiedingen mbo'ers afrondingsadvies vermarkten content Hacking muzieklabel Ad-opleiding
software development,Hogeschool van Amsterdam,AD,Amsterdam,Nederlands,2 jaar,webapplicatie hbo-ict Ad-opleiding HvA-opleiding instroom
frontend design & development,Hogeschool van Amsterdam,AD,Amsterdam,Nederlands,2 jaar,informatiearchitectuur netwerkverbinding workflow tooling
biologie en medisch laboratoriumonderzoek,Avans Hogeschool,B,Breda,Nederlands,4 jaar,onderzoeksresultaten BML-opleiding lesweken infectieziekten duo's histologie BML-opleiding complexer feite masterstudies Wetenschappen
bouwkunde,Avans Hogeschool,B,"Den Bosch, Tilburg",Nederlands,4 jaar,bebouwing bouwmethodieken biobased hergebruik adviseurs eindgebruikers materiaalgebruik Academie constructeursopleiding
bouwtechnische bedrijfskunde,Avans Hogeschool,B,Tilburg,Nederlands,4 jaar,verantwoordelijkheidsgevoel keren
chemie,Avans Hogeschool,B,"Breda, Den Bosch",Nederlands,4 jaar,Proeven secuur polymeerontwikkeling vrijekeuzeruimte chemiestudies
chemische technologie,Avans Hogeschool,B,Breda,Nederlands,4 jaar,bedrijfsstage Procesautomatisering Watertechnologie
civiele techniek,Avans Hogeschool,B,"Den Bosch, Tilburg",Nederlands,4 jaar,stations bewondering stammodules
communication and multimedia design,Avans Hogeschool,B,"Breda, Den Bosch",Nederlands,4 jaar,hbo-ontwerpopleiding mediavormgeving studententelefoon studententelefoon multimedia-opleiding animatie multimedia-opleiding eindpresentatie CMD-opleiding
elektrotechniek,Avans Hogeschool,B,"Breda, Den Bosch",Nederlands,4 jaar,superbatterijen datacommunicatie datacommunicatie energiemanagement DC-netwerken procestechniek
informatica,Avans Hogeschool,B,"Breda, Den Bosch",Nederlands,4 jaar,ICT-advies IT-opleiding structureren Herken ICT-vakgebied AI-systeem profilering
mechatronica,Avans Hogeschool,B,Breda,Nederlands,4 jaar,productiemachines nieuwsgierigheid themablokken collegejaar delen automatisering/robotisering hbo-instelling
mens en techniek,Avans Hogeschool,B,Breda,Nederlands,4 jaar,Gezondheidstechnologie Herken gezondheidstechnoloog praktijkvraagstuk wearables zorgoplossing zorgorganisaties zorgorganisaties patiëntbehoefte onderzoeksaanpak stageproject gezondheidszorgtechnoloog pre-masters
ruimtelijke ontwikkeling,Avans Hogeschool,B,Tilburg,Nederlands,4 jaar,investeerder vastgoedbedrijf woningbouwcorporatie post-hbo Vereniging Maatschappijen
technische bedrijfskunde,Avans Hogeschool,B,"Den Bosch, Tilburg",Nederlands,4 jaar,procesverbeteraar puzzelaar overbrengen kenmerken klussen bedrijfsexcursies keteninnovatie faculteit Wetenschappen
technische informatica,Avans Hogeschool,B,"Breda, Den Bosch",Nederlands,4 jaar,kenmerken systeemontwikkeling opdoen televisie nabootsen omgevingen televisie visualisaties
werktuigbouwkunde,Avans Hogeschool,B,"Breda, Den Bosch",Nederlands,4 jaar,buig kleinschaligheid productietechniek hijsinrichting designproces gereedschappen hbo-bachelor
built environment,Avans Hogeschool,AD,Den Bosch,Nederlands,2 jaar,posities specialisatie/keuzemodule wijkontwerp maatwerkprogramma
engineering,Avans Hogeschool,AD,Den Bosch,Nederlands,2 jaar,studietijd factor herontwerpen hergebruiken versnelling toeleveranciers forever zorginnovatie Meettechniek uitstroomrichtingen vaktechniek maatwerkprogramma
informatica,Avans Hogeschool,AD,Den Bosch,Nederlands,2 jaar,ontwikkelmethodieken mail agile-scrum Java-applicatie Buurtactiviteit Java-applicatie OOP-vorm Android-applicatie OOP-vorm mobile/web-applicatie OOP-vorm encryptie softwareapplicatie ICT-werkomgeving software-ontwikkelproces
mechatronica,Avans Hogeschool,AD,Breda,Nederlands,2 jaar,software-ontwerp systeemdynamica begeleiders bedrijfsgegevens Validering deeltijdopleidingen energieconsumptie -productie informatietechnologieën computersimulaties Opwekking elektriciteitsvoorziening Productietechnologie machineonderdelen businesspartners businessunit businesspartners Avans+ werkenden maatwerk
applied data science & artificial intelligence,Breda University of Applied Sciences,B,Breda,Engels,4 jaar,AI-technologieën behandelingen dataspecialist AI-programmeur projectmanager/consultant advisering DataLab DataLab Programming Translator DataLab toepassingsgebied beoordeling partnerinstellingen combineren
tourism (joint degree),Breda University of Applied Sciences,B,Breda,Engels,4 jaar,toeristen welvaart natuurgebied onderwijsbegeleiding studiegids webinars theorieën watergebruik familie religie wetenschapsfilosofie milieuwetenschappen bestaanszekerheid
built environment,Breda University of Applied Sciences,B,Breda,Nederlands,4 jaar,dorpen mobiliteitsoplossingen inleiding tab completer overheidsinstelling afdeling
creative media and game technologies,Breda University of Applied Sciences,B,Breda,Engels,4 jaar,game-opleiding films Programming game-opleiding game-industrie game-technologie animatie ontwikkelwensen artist
logistics engineering,Breda University of Applied Sciences,B,Breda,"Nederlands, Engels",4 jaar,levering vliegvelden data-toepassingen goederen teamgenoten Bedrijfsbezoeken Excel zorgen Excel formules Excel stapsgewijs chains chains Distributielogistiek bedrijfsmentor afstudeerjaar Defensie materieel bestellingen entreeproces aankomst fouillering hogeschoolbegeleider
game technology,Breda University of Applied Sciences,M,Breda,Engels,1 jaar,game-industrie voorbeeldmodel production gamestudio bijkomstigheid deelnemers
hbo-ict,Christelijke Hogeschool Ede,B,Ede,Nederlands,4 jaar,voorraden vakantie ICT-professionals IT-oplossingen nationaliteit UX-designer ICT-consultant
informatica,Fontys,B,Venlo,"Nederlands, Engels, Duits",4 jaar,doorzetter ICT'er praktijkgericht Fontys-opleiding Fontys-opleiding computertoepassingen functionaliteiten hoogstandjes managers IT-oplossingen gesprekspartner organisatieniveaus concurrenten ervaringen kwetsbaarder aanvallen stadium hacking kwaadwillenden wasmachine verlichting Programming groepsvorm doelgroepen informaticus
technische natuurkunde,Fontys,B,Eindhoven,Nederlands,4 jaar,röntgenapparatuur geluidsveiligheid natuurkundevakken meten dataverwerking
applied science,Fontys,B,Eindhoven,Nederlands,4 jaar,chemicaliën eerstejaars waterstofproductie DNA-onderzoek denkvermogen
automotive,Fontys,B,Eindhoven,Nederlands,4 jaar,brandstofverbruik WIS WIS Fontys-opleiding Fontys-opleiding techniekdomein automotive-kennis engineeringdomein constructions motormanagementsystemen afstudeerpresentatie www.fontys.nl/pro
elektrotechniek,Fontys,B,Eindhoven,"Nederlands, Engels",4 jaar,ontwerpteam sport Fontys-opleiding Fontys-opleiding Fontys-opleiding printplaten EXPO-projecten afstudeerder Bedrijfsopdrachten
werktuigbouwkunde,Fontys,B,"Eindhoven, Venlo","Nederlands, Engels",4 jaar,veiliger WIS WIS Opfriscursus Opfriscursus Niet-verwante Fontys-opleiding engineeringminors constructieprincipes stijfheid wrijving procestechniek warmtewisselaars businessplan afstudeerjaar milieu-industrie techneuten professionaliseringsvakken
toegepaste wiskunde,Fontys,B,Eindhoven,"Nederlands, Engels",4 jaar,teamspeler WIS WIS Opfriscursus twijfel Fontys-opleiding Fontys-opleiding kansrekening signalen communiceren beroepsethiek afstudeerpresentatie MATLAB kansrekening
hbo-ict,Fontys,B,"Eindhoven, Tilburg",Nederlands,4 jaar,ChatGPT gegevensbescherming studieomgeving ICT-vakgebied onderzoeksprojecten afstudeerportfolio coding ChatGPT dataprotectie masterdiploma
industrieel product ontwerpen,Fontys,B,Venlo,Nederlands,4 jaar,wiA wiB wiA wiB Fontys-opleiding Fontys-opleiding Fontys-opleiding laser tekortkomingen kleurenleer
logistics engineering,Fontys,B,Venlo,"Nederlands, Engels",4 jaar,semestersysteem baankansen wiA wiB wiA wiB Fontys-opleiding Fontys-opleiding ontwerpkant goederenstroom leverancier logisticus beroepshouding relaties sterktes distribution warehousing
mechatronica,Fontys,B,"Eindhoven, Venlo",Nederlands,4 jaar,werkgelegenheid zorgsector agrosector revolutie studietijd vakdeskundigheid WIS WIS Bijscholing Opfriscursus Fontys-opleiding automation Brainport samenstellingen denker productierobot robotarm
mens en techniek,Fontys,B,Eindhoven,Nederlands,4 jaar,bewegingsbeperking ongeluk vergroeiing ortheses braces bandages biomechanica Techniek-opleiding natuurprofielen natuurprofielen Fontys-opleiding opleidingstraject Bewegingstechnologie scannen hulpmiddel hulpmiddel beroepsvraagstuk buitenlandstage tintje zorgprofessional zorgvernieuwing protheses designtechnieken cliënten mobiliteitshulpmiddelen cliënten TUDelft Rijksuniversiteit
technische bedrijfskunde,Fontys,B,"Eindhoven, Tilburg",Nederlands,4 jaar,profilering
digital technology engineering,Fontys,M,Eindhoven,Engels,2 jaar,productintegratie bedrijfsontwikkeling taalkwalificatie minimum element minimumscores EU-studenten testrapport ontvangst aanmeldingsformulier onderwijsaanbod Understanding perspectives choices Collecting analyzing Communicating sensors Visualizing systeemengineering stadia technologieoplossing
applied it,Fontys,M,Eindhoven,Engels,1 jaar,beheersing IT-vaardigheden incorporating documenting allowing into interest regularly aspiraties
system design,Fontys,M,Eindhoven,Engels,2 jaar,interfaces ambitieus raakvlakken ontwerpprincipes taalkwalificatie score evolving societal global changes others utilizing developing companies safe Ontwerpprincipes voorspelbaarheid reproduceerbaarheid nauwkeurigheid snelheid simulatieresultaten meetsysteem sensorgegevens nauwkeurigheid meetgegevens Innovatietechniek innovatieperceptie patentontwikkeling systeemontwerper businessplan projectcommunicatie professionaliseringsvaardigheden innovatieontwikkeling essentie mensenkennis toezicht systeemarchitectuur systeemengineering
ad-ict,Fontys,AD,"Eindhoven, Tilburg",Nederlands,2 jaar,ICT-opleiding ICT-functie ICT-vakgebied studieomgeving ICT-vakgebied
technische bedrijfskunde,Fontys,AD,Eindhoven,Nederlands,2 jaar,verbind praktijkdopdrachten Verkennen bedrijfsomgeving personeelsmanagement kijk
engineering,Fontys,AD,Eindhoven,Nederlands,2 jaar,Fontys-opleiding handicap werphengel werkelijkheid herstel meeloopstage behoeftes teamleden
elektrotechniek,Fontys,AD,Eindhoven,Nederlands,2 jaar,promotie Fontys-opleiding doorstromen communicatielessen engineerings
werktuigbouwkunde,Fontys,AD,Eindhoven,Nederlands,2 jaar,promotie Brainport Fontys-opleiding vakdocenten engineerings
applied data science & artificial intelligence,De Haagse Hogeschool,B,"Den Haag, Zoetermeer",Nederlands,4 jaar,ChatGPT berichten winkeldiefstal datascientist bestudeer artikelen showtime pallet speler topclub schending burgers visualisatie zelfstandiger onderwijstijd DataLab glastuinbouw minorprogramma overstap
bouwkunde,De Haagse Hogeschool,B,Den Haag,Nederlands,4 jaar,Klimaateffecten aardgas huizen puzzeltje havengebied bouwplaatsen fabrikanten fabrikant lesvormen EP-berekeningen computertekenen parkeerruimte indeling tuin zon instructiefilms ervaart variatie constructiesystemen wijkrenovaties discotheek tanden aannemers flexibiliteit woningvoorraad farming panden MSc-titel Academie
chemische technologie,De Haagse Hogeschool,B,Den Haag,Engels,4 jaar,loep milieuvriendelijker waterzuiveringsinstallatie kaasfabriek uitwisselingsstage enzymen broodproductie nanodeeltjes biogas kaas chemielessen communicatieskills rapporten voedingsproducten inuline groenten ontwikkelingssamenwerking veiligheidsanalyse babyvoeding farmaceuten gelegenheid voorkeursgebied cholesterolverlagers verdediging Chemical
civiele techniek,De Haagse Hogeschool,B,Den Haag,Nederlands,4 jaar,mouwen grondwerk dijk grondwerk proefopstellingen verkeerskruispunt funderingen staalconstructies wegligging project/vraagstuk beroepsrol calculator modelleur overheidsinstantie
communication and multimedia design,De Haagse Hogeschool,B,Den Haag,Nederlands,4 jaar,N&G N&T N&G theater gebruikservaring user kennisverdieping gebruikersvriendelijkheid designers inclusiviteit rade afstudeergroep linking consument/user
elektrotechniek,De Haagse Hogeschool,B,Delft,Nederlands,4 jaar,gastles datanetwerken klassen bevatten magnetisme autootjes artikelen energievraagstuk plukrobot spin-offs buitenlandstage keuzeprojecten energiebedrijf elektronicaontwikkeling hightechindustrie
hbo-ict,De Haagse Hogeschool,B,"Den Haag, Delft, Zoetermeer",Nederlands,4 jaar,bedrijfsadviseur changing differentiaties basissemester voorstander administrator
industrieel product ontwerpen,De Haagse Hogeschool,B,Den Haag,Nederlands,4 jaar,vindingrijkheid spullen modelbouw N&G N&G specialistenopleiding werkruimte tekenruimte 3D-printers gereedschappen modelletjes metaal rollator keuzethema ontwerpgroep aandachtspunten consument handigheid gereedschap meubels speelgoed uitpakervaringen koffiecups brainstormsessies computeranimaties stagiairs bedrijfsproject verpakking ontwerptraject overtuiging productontwerpen
mechatronica,De Haagse Hogeschool,B,Delft,Nederlands,4 jaar,parkeersysteem tuinbouw revalidatieprocessen vlakken productieautomatisering e-mails ophaalbrug tilhulp last projectbeoordelingen mechatronicastudenten tevredenheid studentenleven
mens en techniek,De Haagse Hogeschool,B,Den Haag,Nederlands,4 jaar,samenspel vernuft biostatica zwembeweging zélf laptop safe readers kinderspeeltoestellen senioren vrouw coördinatiespel anatomie fysiologie houtbewerking getal feeling Sophia Revalidatie Regisseur regisseur kernvakken beweeglaboratorium handgreep tennisracket uitleggen studentenleven
ruimtelijke ontwikkeling,De Haagse Hogeschool,B,Den Haag,Nederlands,4 jaar,herontwerp N&G N&G klimaatactie doeners bereik tool inschatten gas verblijf ontwikkelaar wijkrenovatie puzzels aardwarmte aardwarmte scriptieprijs energietechnologie bachelors Milieu-maatschappijwetenschappen
technische bedrijfskunde,De Haagse Hogeschool,B,Delft,Nederlands,4 jaar,gedoe helikopterview verkoopcijfers individu engineering-opleidingen CDIO-cyclus fasering maatwerk-leidingsystemen scheepsvaart oplossingsadvies managementteam procesmanagement coachgesprekken aannemersbedrijf fietsersbrug lijst schaalmodel slagbomen schaalmodel budget implementatieplan aanbesteding win-winsituatie voldoening posterpresentatie ingenieursopleiding instantie procesgericht deskundigheid keten win-win voldoening initiatief eigenaar vestiging
technische natuurkunde,De Haagse Hogeschool,B,Delft,Nederlands,4 jaar,raket quantumcomputing deeltjes energiebesparing kwestie balletje computersimulatie wiskundekennis onderzoeksleerlijn optic sensing fibertechnologie hbo-ingenieur microchirurgie Overstappen TN-opleiding
toegepaste wiskunde,De Haagse Hogeschool,B,Delft,Nederlands,4 jaar,dienstregeling vliegtarieven versleuteling bankgegevens nut programmeerlessen instructie inslijten communicatievaardigheden wandeling verloop beslissingsanalyse doorstroming experimental modelling metaheuristieken reinforcement containers bètastad wiskundigen verzekeraar regel kassenbedrijf ministerie toekomstprognoses wiskundedocent bevoegdheid
werktuigbouwkunde,De Haagse Hogeschool,B,Delft,Nederlands,4 jaar,roereitje lift aandrijftechnieken verbindingsprincipes termen specialistenopleiding materiaalsoorten klassen materiaaltechnologie waterpomp presentatietechnieken schilderijen koeling luchtvochtigheid zon ramen berekening koekjes materiaaltechnologie stageadressen keuzemodulen testapparatuur boren olie inventarisatie honours vestiging desgewenst
technische bedrijfskunde,De Haagse Hogeschool,AD,Delft,Nederlands,2 jaar,stem zónder werkprocessen N&G N&T N&G doorlooptijden toestel verduurzaming vergrijzing duurzaamheidsvraagstuk Ketenanalyse Adviesvaardigheden arrangement voorraadbeheersing borgen marktverkenning Intervisie
bio-informatica,Hanzehogeschool Groningen,B,Groningen,Nederlands,4 jaar,ziekteresistentie bio-informatica oorzaken computerprogramma sequencing Bio-informatica Bio-informatica ins eindverslag
technische bedrijfskunde,Hanzehogeschool Groningen,B,Groningen,Nederlands,4 jaar,bedrijfskundigen informatie-infrastructuur manager verbeterplan Rijksuniversiteit
industrieel product ontwerpen,Hanzehogeschool Groningen,B,Groningen,Nederlands,4 jaar,ontwerpvaardigheden productie-klaar zelfsturing ontwerpstudio's weekopdracht onderwijseenheid ouderejaars ontwerpervaring Rijksuniversiteit
biologie en medisch laboratoriumonderzoek,Hanzehogeschool Groningen,B,Groningen,Nederlands,4 jaar,plastics gas donororganen erfelijkheid modelorganisme organisme Rijksuniversiteit Rijksuniversiteit
hbo-ict,Hanzehogeschool Groningen,B,Groningen,Nederlands,4 jaar,softskills projectbasis beroepsrol
elektrotechniek,Hanzehogeschool Groningen,B,Groningen,Nederlands,4 jaar,Volg voorbereidingsaanbod jaarbasis opleidingsrichting opleidingsrichting verlichten productspecificaties netwerkspecialist
creative media and game technologies,Hanzehogeschool Groningen,B,Groningen,Engels,4 jaar,Minister voltooiing Taalvereisten eis persoonlijkheidstest werkdagen ontvangst toelaatbaarheid twijfel aanvragers werkdagen MPT MPT-onderzoek mindset user gametechnologieën ontwikkelingsvaardigheden ontwerptheorieën mixed-media bordspel wayfinding mixed-media gebruikersinterfaces gameconcepten skillset sluitstuk sponsor prototypen
communication and multimedia design,Hanzehogeschool Groningen,B,Groningen,Nederlands,4 jaar,horloge straatangst beleving lancering groepsproject Rijksuniversiteit
chemische technologie,Hanzehogeschool Groningen,B,Groningen,Nederlands,4 jaar,fabrieken spullen fabrieken Bouwstenen fabrieksprocessen baankansen connecties reactor Kenniscentrum werksituaties simulatieprogramma Duurzame Chemical Rijksuniversiteit
chemie,Hanzehogeschool Groningen,B,Groningen,Nederlands,4 jaar,longkanker chemici Bio-analyse Rijksuniversiteit
built environment,Hanzehogeschool Groningen,B,Groningen,Nederlands,4 jaar,huizenbouw bruggenbouw principe beheerder basisbegrippen ingrepen talentcoach deeltijdopleidingen
werktuigbouwkunde,Hanzehogeschool Groningen,B,Groningen,"Nederlands, Engels",4 jaar,trainingen boek ondersteunt Rijksuniversiteit
european master in renewable energy,Hanzehogeschool Groningen,M,Groningen,Engels,1.5 jaar,energietechnologieën leergemeenschap Sollicitanten Science-graad Sollicitanten criteria sollicitanten testcentrum sollicitanten milieuvraagstukken consultancywerk beleidsadvies energietechnologieën reputatie Paris onderzoekscentrum thesis kernprofessor professor professor projectaanbieder kernuniversiteit
sociaal-ruimtelijk transitiemanagement,Hanzehogeschool Groningen,M,Groningen,Nederlands,2 jaar,bachelor/master 0-meting zelfbeoordeling 7-punt toelichting presteren transities inspireren transitieteam
smart systems engineering,Hanzehogeschool Groningen,M,Groningen,Engels,1.5 jaar,punt gegevensgeneratie reactie opleidingsprogramma levens systeemintelligentie TechHub systeemintelligentie Inleiding data-applicaties signaalverwerking onderzoeksinstituten WE-faciliteiten handrevalidatie comfortabel draagbaar activiteit zonneautosysteem rijcapaciteit
master digitale technologie,Hanzehogeschool Groningen,M,Groningen,Nederlands,1.5 jaar,voet kennismakingsgesprek geschiktheid aspirant-student leider uitdiepen losstaand competentie-ontwikkeling reflecties competentie CoL- portfoliobeoordeling
data science for life sciences,Hanzehogeschool Groningen,M,Groningen,Engels,2 jaar,programmeertechnieken kloof gegevensopslag Imaging TOEFL-score verklaring stempel handtekening overleggen toelatingstest agentschap learning-applicaties dataverwerkingstechnologieën
energy for society,Hanzehogeschool Groningen,M,Groningen,Engels,1.5 jaar,overstap regionaal leergemeenschap agent regionaal noodzaak politiek Politiek burgers
mechatronica in de smart industry,Hanzehogeschool Groningen,AD,Groningen,Nederlands,2 jaar,operationeel mbo-domeinen voorbereidingsaanbod toelatingstoetsen mechatronici hightechomgeving modeleren vaardigheid name Meten terugkoppeling demonstratie
projectleider techniek,Hanzehogeschool Groningen,AD,Groningen,Nederlands,2 jaar,doorstroomkeuzedelen projectleiderschap
systeemspecialist automotive,Hanzehogeschool Groningen,AD,Groningen,Nederlands,2 jaar,fabricage e lijst testbaarheid documentatie totstandkoming wijzigingen inschatting risico's projectdocumentatie procesgericht arbeidsorganisatie klantrelaties leerdoel nadelen waarden handelingen gedachten
communication and multimedia design,HAN University of Applied Sciences,B,Arnhem,Nederlands,4 jaar,portie Hbo/wo basisvooropleiding verplichting wording studiekoers overeenkomsten ervaringen beroepscompetenties doorstroom-minor pluist bedrijfscommunicatie communicatiestrategieën formats media-innovatie
technische bedrijfskunde,HAN University of Applied Sciences,B,Arnhem,Nederlands,4 jaar,Hbo/universiteit dóen inkopen ondernemersvak financiering aandeelhouders producent omzet Organisatieontwikkeling Organisatieontwikkeling deuren plat voorgangers afstudeeropdrachten stapje pre-masteropleiding
industrieel product ontwerpen,HAN University of Applied Sciences,B,Arnhem,Nederlands,4 jaar,kleuren millimeter creativiteitstraining bureaustoel steel kookplaten skelters vakantiehuis kroon Velings eiland afvalverwerkers papier tekentafel mastertraject
hbo-ict,HAN University of Applied Sciences,B,"Arnhem, Nijmegen",Nederlands,4 jaar,ICT-oplossingen E+M E+M portie bijeenkomst bijeenkomst Hbo/wo basisvooropleiding verplichting planningen ICT'er specialisatierichtingen rit ICT-oplossingen tafel tafel misdaadcijfers specialisatierichting kwestie beheerder communicatieafdeling evenementenbureau benen finishing ICT'er coole ICT'er Webtechnologieën Netwerkinfrastructuur diagnose accurater key
embedded systems engineering,HAN University of Applied Sciences,B,Arnhem,"Nederlands, Engels",4 jaar,EM-profiel opfriscursus Hbo/universiteit bediening Software-ontwerp softwareomgevingen teamprojecten voorbereidingsprogramma projectgenoten fitnessomgeving symposium geofencing help sensornetwerk branddetectie alumninetwerk betrouwbaarder
automotive,HAN University of Applied Sciences,B,Arnhem,Nederlands,4 jaar,runt Hbo/universiteit basisvorming energiebesparing Tuning minuten instructievideo's kennisopbouw expertisegebied Automotive-werkgevers Automotive-studenten topreputatie Volkswagen verreik expertisegebied studiebanken booming
elektrotechniek,HAN University of Applied Sciences,B,Arnhem,Nederlands,4 jaar,aandrijven keukenapparatuur lasertechniek zomercursus havo-niveau zij-instromers opfriscursus Hbo/universiteit hoogspanning microcontroller Opwekken signalen afstanden autofabrikant zonnecellen trolleybus Activating projectgenoten symposium Servo-regelingen onderzoekscentrum Alliander onderzoeksgroep TenneT Alliander alumninetwerk betrouwbaarder booming
civiele techniek,HAN University of Applied Sciences,B,Arnhem,Nederlands,4 jaar,E+M E+M Middenkaderfunctionaris Middenkaderfunctionaris Hbo/wo mbo-opleidingen Twijfel Wegenbouw stadium mbo-4-opleiding belangstelling beroepstaak
chemie,HAN University of Applied Sciences,B,Nijmegen,"Nederlands, Engels",4 jaar,eierdozen vuilnis ontdekkingen N&G college studieduurverkorting Hbo/wo studieloopbaanbegeleiders seniorslb.atbc@han.nl ingepland deficiënt overeenkomst papier herkansing compensatie restitutie examenkosten afspiegeling havoniveau uitzondering aansluitprogramma vwo-niveau certificaten staatsexamens niveauvragen Aantonen B2-niveau aspirant ingrediënten bodemmonsters kitten datatechnologie biobased innovations bio-nanotechnologie analysetechnieken
bouwkunde,HAN University of Applied Sciences,B,Arnhem,Nederlands,4 jaar,Hbo/wo Twijfel plattegrond herinrichting Bouwkunde-opleiding Co-Create maquettes montageplannen constructietekeningen menskracht Architectenregister
biologie en medisch laboratoriumonderzoek,HAN University of Applied Sciences,B,Nijmegen,Nederlands,4 jaar,tomaten N&G Koning college verkorting Middenkaderfunctionaris laboratoriumtechniek Hbo/wo toelatingsexamen eindcijferlijst vluchtelingstudenten meester microscopen petrischalen Plantenbiologie insulineproductie diabetes Plantenbiologie Plantenbiologie brandstof cel-mechanismen zaadontkieming plantengroei Plantenbiologie lichamen gen celdeling onderzoeksgebied immuunsysteem brein immuunsysteem ziekteverwekkers resistentie ontdek Bio-nanotechnologie kroon ontdekken plantenrassen plantenziektes oogst
bio-informatica,HAN University of Applied Sciences,B,Nijmegen,Nederlands,4 jaar,borstkankerbehandeling A achterstand toelatingsexamen VoorlichtingsCentrum Opfriscursus eindcijferlijst vluchteling-studenten afsluiter softwaregebied eiwit-aanwezigheids-rapport leeswerk stukken textmining hitseries Oud-student DNA-onderzoek moordzaak proteïnekennis datamining kenner bio-informaticagebied voorgangers taalkennis uitstapje Datamining dna-moleculen Doorstudeermogelijkheden HAN-masteropleiding bioinformatica kernvraag volksgezondheid complexiteiten besmet biologie-bacil vervolgstap deurtje
werktuigbouwkunde,HAN University of Applied Sciences,B,Arnhem,Nederlands,4 jaar,Hbo/universiteit machinebouw Last but machinebouw engineeringopleidingen leerteamcoach constructieproblemen toevlucht plat stormvloedkering windturbines
engineering systems,HAN University of Applied Sciences,M,Arnhem,Engels,1 jaar,Reliable Reliable
applied data science,HAN University of Applied Sciences,M,Arnhem,Engels,2 jaar,laptop vraagstelling vraagstelling waarde-creatie peers onderzoeks Onderzoeken peers
molecular life sciences,HAN University of Applied Sciences,M,Nijmegen,Nederlands,2 jaar,onderzoekservaring strategieën R&D-projectstrategie bedrijfsstrategie houw strategieën effectiviteit
civiele techniek projectvoorbereiding en -realisatie,HAN University of Applied Sciences,AD,Arnhem,Nederlands,2 jaar,wegenbouw E+M Projectvoorbereiding -realisatie hbo/wo Informeer Twijfel indicatie -realisatie afwegen projectvoorbereiding projectvoorbereiding contractmanagement infratechniek
constructeur werktuigbouwkunde,HAN University of Applied Sciences,AD,Arnhem,Nederlands,2 jaar,A vertaalslag
elektrotechniek/energietechniek,HAN University of Applied Sciences,AD,Arnhem,Nederlands,2 jaar,vermogenselektronica verlichtingsinstallaties EM-profiel Hbo/universiteit boost hoofdfasemodule besturingen
embedded systems engineering,HAN University of Applied Sciences,AD,Arnhem,Nederlands,2 jaar,EM-profiel Opfriscursus Hbo/universiteit hoofdfasemodules hoofdfasemodule
bouwtechnisch medewerker,HAN University of Applied Sciences,AD,Arnhem,Nederlands,2 jaar,projectmanager N&G Hbo/wo Twijfel indicatie laagbouwprojecten projectrealisatie pocket afwegen nieuwbouwwoning bouwkunde-projecten bouwprocesbeheersing
gebouwgebonden installatietechniek,HAN University of Applied Sciences,AD,Arnhem,Nederlands,2 jaar,comfort vertaalslag N&G Hbo/wo Twijfel medewerking adviesgesprek schaven schetsontwerp redeneren basismodule afwegingen
automotive,HAN University of Applied Sciences,AD,Arnhem,Nederlands,2 jaar,hoofdrolspeler auto's EM-profiel wegligging luchtweerstand hulpapparatuur inbouwen fijner doelgroepen
technische bedrijfskunde,HAN University of Applied Sciences,AD,Arnhem,Nederlands,2 jaar,EM-profiel CM-profiel Hbo/universiteit innovatieprojecten werkplekopdracht Inleiding Inleiding Werkplekopdracht Inleiding
bouwkunde,HZ University of Applied Sciences,B,Middelburg,Nederlands,4 jaar,renoveren ruimtes bouwvak gevel toparchitecten bouwstijlen bouwpartijen Vergunningaanvragen onderzoeksstage HZ-aanbod contractvorm exploitatie kust stadion
chemie,HZ University of Applied Sciences,B,Middelburg,"Nederlands, Engels",4 jaar,samenstelling grondwater zorgen toetsvragen aanvang basisprogramma uitkomst mastertraject
civiele techniek,HZ University of Applied Sciences,B,Middelburg,"Nederlands, Engels",4 jaar,dieren wereldbevolking deltagebied kustverdediging stormvloedkering storm sluizen eilanden werkterrein minuten kade hydrologie recreëren binnenland geotechniek milieutechniek kust kustlijn zand verplaatsen HZ-aanbod kustuitdagingen
engineering,HZ University of Applied Sciences,B,Middelburg,"Nederlands, Engels",4 jaar,bèta-kennis liefhebbers
hbo-ict,HZ University of Applied Sciences,B,Middelburg,"Nederlands, Engels",4 jaar,whatsappen connected voorwerpen bericht tuin systeembeheer softwareoplossing cloudoplossing fundamenten programmeerkennis basisschool software-applicaties basisfuncties migraties ICT-oplossing ICT-vraagstuk cloud computing datavisualisatie
logistics engineering,HZ University of Applied Sciences,B,Vlissingen,"Nederlands, Engels",4 jaar,sneakers trucks productieplanning luchtmacht HZ-aanbod wachtlijsten
maritiem officier,HZ University of Applied Sciences,B,Vlissingen,Nederlands,4 jaar,reisvoorbereiding noodsituaties navigator brandbestrijding overlevingstechnieken brandbestrijding
technische bedrijfskunde,HZ University of Applied Sciences,B,Middelburg,Engels,4 jaar,milieuvriendelijker probleemoplosser moeite productiemiddelen windmolenparken plastic efficiëntie winst efficiëntie onderzoeksuniversiteit pre-masterprogramma
watermanagement,HZ University of Applied Sciences,B,Middelburg,"Nederlands, Engels",4 jaar,zeespiegelstijging overbevissing wereldbevolking samenkomen percentage Watermanagers bedenken watersysteem waterveiligheid N&T N&G HZ-aanbod
river delta development (joint degree),HZ University of Applied Sciences,M,"Middelburg, Velp, Rotterdam",Nederlands,2 jaar,delta's ecosystemen zeespiegelstijging druk bodemdaling ecologie deltasystemen risico's waterpeilstijgingen selectieprocedure Studentenbureau bevestiging studiefinanciering zelfreflectie capaciteit spreekvaardigheid delta evaluatieweek deltasysteem eindfase
built environment,HZ University of Applied Sciences,AD,Roosendaal,Nederlands,2 jaar,woonomgeving woningnood lesprogramma dát waterafvoer hoek BE-Designer BE-Engineer Wet Materialisatie LEV-week specificatie bedrijfsbezoek LEV-week aannemers trimester specificatie beurzen inbreiding appartementencomplex actieonderzoek trimester beheren hulpconstructies Bouworganisatie appartementencomplex actieonderzoek academie
energietransitie engineer,HZ University of Applied Sciences,AD,Roosendaal,Nederlands,2 jaar,autofabriek speeltoestel gedachten installatiebedrijf speeltoestel meettechniek
technische bedrijfskunde,HZ University of Applied Sciences,AD,Roosendaal,Nederlands,2 jaar,instructie hoek sterktes zwaktes bedreigingen tentamen bedrijfsanalyse sterke-zwakte-analyse swot bedreigingen verspillingen accounting afstudeerplaats HZ
biologie en medisch laboratoriumonderzoek,Hogeschool Inholland,B,Amsterdam,Nederlands,4 jaar,vaccins vaccin celfysiologie laboratoriummedewerker basisniveau onderzoeksplan nood basischemie genexpressie monsters detectietechnieken bioinformatica-tools honoursprogramma patiëntmateriaal Artsen diagnoses bioresearch diversiteit eiwit neurologie onderwijscluster bioinformaticus patiëntmateriaal Artsen diagnoses bioresearch diversiteit eiwit neurologie onderzoeksgroep analyselabs bestrijding wetenschappen
bouwkunde,Hogeschool Inholland,B,"Alkmaar, Haarlem",Nederlands,4 jaar,daaromheen planeet duurzaamheidseisen opstaan leer kostenplanning bouwplaatsinrichting Kenmerken leefmilieu bouwers hergebruiken lijnen praktijkgerichtheid information twins KOB-certificaat praktijkkennis studiereizen projectuitvoering utiliteitsbouw woonfunctie bouwfysica BIM-coördinatie klimaatinstallaties constructiebureau architectenbureaus stageavontuur bouwkundigen bouwtechnieken key bouwbedrijf kostenramingen masterstudie Academie
chemie,Hogeschool Inholland,B,Amsterdam,Nederlands,4 jaar,gifdeeltjes vervuilingen onderzoeksorganisatie Studievormen roostering derdejaarsstage basisniveau praktijkdagen control-advies elektrochemie honoursprogramma brandstoffen energieopslag zonnecellen
civiele techniek,Hogeschool Inholland,B,Alkmaar,Nederlands,4 jaar,sluizen gemalen hersens Volg zeesluis Zuidasdok Inleiding wegenbouw beton helm hesje beantwoord Wegenbouw rapportagetechniek Wegontwerp hydrologie verkeersbouw derdejaarsstage constructiebureau springplank
elektrotechniek,Hogeschool Inholland,B,Alkmaar,Nederlands,4 jaar,merendeel wagenpark lesaanbod coaching-sessies Twijfel kwesties automatiseringsvraagstuk afstandsbediening elektrotechnologie databank vacatures stagebedrijven Stage-activiteiten access-control microcontroller power beeldherkenning grid batterij verstand vervolgopleidingen
informatica,Hogeschool Inholland,B,Haarlem,Nederlands,4 jaar,tijdperk mobieltjes ICT-sector ICT-toepassingen vaandel behulpzaamheid afstudeerfase ICT-product creatie Inleiding Applicatiebouw API-programmering deskresearch studiepunt Webapplicatie berichten cyberbeveiliging cybercriminelen datawetenschappers wicked acceptatie applicatieontwikkeling server pre-)masteropleidingen
luchtvaarttechnologie,Hogeschool Inholland,B,Delft,Nederlands,4 jaar,rondje strepen hemel lichtgewicht auto-ontwerpen stoep luchtvaarttechnologen vliegtuigen vliegtuigen beroepsgroepen autoindustrie doorstromen Bedenken luchtvaartindustrie composietenlaboratorium scripties themaprojecten luchtvaartechnologie testprogramma luchtvaarttechnologie vliegtuig talenkennis specialisatiefase vestigingen vervolgstudie Luchtvaarttechnologie ontwikkelaars lichtgewicht buren
ruimtelijke ontwikkeling,Hogeschool Inholland,B,Haarlem,Nederlands,4 jaar,woonwijken kantoren kerken woningnood exploitatie rand duinen praktijksituaties studiereizen exploitatieplan projectontwikkeling uitgebreider bouwteam belegger woningcorporatie stage-mogelijkheden beroepenveld exploitatieplan
technische bedrijfskunde,Hogeschool Inholland,B,Alkmaar,Nederlands,4 jaar,bedrijfsopdrachten Opbouwschema tentamen Omgevingsanalyse bescherming ondernemingsplan
technische informatica,Hogeschool Inholland,B,Alkmaar,Nederlands,4 jaar,snoeit röntgenapparaat hartoperatie botsingen hoorcollege computersysteem liftsysteem transformatoren tanden grafentheorie wiskundekennis C moeder oefenen afstandsbediening magnetron magnetron ping oogstrobot besturingssysteem leerzame linksom collegastudenten
toegepaste wiskunde,Hogeschool Inholland,B,Amsterdam,Engels,4 jaar,hersenen herinneringen oogwenk bedrijfsactiviteiten sleutelrol softwareontwikkelaars statistici selfmade risicobeoordeling beurt flexibiliteit kwalificaties Cambridge-certificaat C IT-kennis hoofdthema's App-ontwikkeling reeks carrièregebieden hoofdcategorieën puzzels categorie codeeroplossingen Oefening categorieën observatie Last but comfortabel vertrouwen reflecteren ​​cursusinhoud Oefening Wiskunde/Data Inleiding intermediair specialisatiegebied cursusinhoud Strength Everything Wiskunde/Data Programming Programming Programming Inleiding specialisatietracks implicaties conditievoorspelling eindprojecten Language graad certificering masterprogramma's software-engineering taalverwerking
werktuigbouwkunde,Hogeschool Inholland,B,Alkmaar,Nederlands,4 jaar,Vakmensen stilstand Vakmensen raderen machineonderdelen besturingstechniek bestanddeel vingers projectvaardigheden verbrandingstechnologie stageplekken Marinebedrijf familiebedrijf kop kenniswerkplaats verbrandingstechnologie vrouw meetopstelling springplank
cybersecurity,Hogeschool Inholland,AD,Amsterdam,Nederlands,2 jaar,phishingmail topje bescherming spelcomputer verlichting toename uitrol knop platleggen redder Mbo-4 Studieopbouw netwerkbeveiliging Netwerkbeveiliging -monitoring Penetratietesten gegevensbescherming Studiebegeleiding Tooling Studiebegeleiding praktijkoriëntatie Inleiding Studiebegeleiding beroepsoriëntatie praktijkervaringen kijkjes keukens informatiebeveiliging
maintenance,Hogeschool Inholland,AD,Alkmaar,Nederlands,2 jaar,schoolbanken openstaat faalanalyse proactief service boost
creative media and game technologies,Hogeschool voor de Kunsten Utrecht,B,Utrecht,Nederlands,4 jaar,Kunsten
bio-informatica,Hogeschool Leiden,B,Leiden,Nederlands,4 jaar,Bio-informatica ontdek mastermind bio-informatica-databases stofwisseling stukjes letters stukjes evolutie programmeerdomein mutaties Systeembiologie praktijkstage bio-informatica Twijfel Bio-informatica
biologie en medisch laboratoriumonderzoek,Hogeschool Leiden,B,Leiden,Nederlands,4 jaar,ziekteverwekkers kledingstuk bloed weefselonderzoek microscoop agenda immunochemie pathologie valideren bioscience-onderneming ziekenhuislaboratorium Wetenschappen doorstroomden PhD-traject educatie
chemie,Hogeschool Leiden,B,Leiden,Nederlands,4 jaar,drinkwater 2.0-versie geurstof stereochemie organometaalchemie lijm smaakstoffen vloeistofchromatografie gaschromatografie massaspectrometrie spectroscopie chemometrie monster kwaliteitscontrole taak meetgegevens reiniging bodemonderzoek veiligheidsonderzoek waterleidingbedrijf toxiciteit kruitsporen beroepsontwikkeling ticket medicijnontwikkeling
informatica,Hogeschool Leiden,B,Leiden,Nederlands,4 jaar,webwinkel netwerktechnologie netwerktechnologie UX-engineering ICT-probleem UX-engineering ICT-probleem Informatica-vakken
biologie en medisch laboratoriumonderzoek,NHL Stenden Hogeschool,B,"Leeuwarden, Emmen",Nederlands,4 jaar,Stenden A NT NG A NT celprocessen medicatie Polymers celprocessen medicatie chromatografie Stenden medicijn
bouwkunde,NHL Stenden Hogeschool,B,Leeuwarden,Nederlands,4 jaar,betonkrimp spanjoletten klimbekisting termen assistent interieur kamers cafés restaurants studentenprijzen studentenverenigingen studententijd maatstudies schrijfvaardigheid tekenwerk maatstudies schrijfvaardigheid tekenwerk architectuurstijl villa leerroute Stedenbouw interieur aanbesteden werktekeningen uitvoering/projectleiding leerroute Stedenbouw interieur aanbesteden werktekeningen uitvoering/projectleiding competent onderzoeksvraagstuk faculteit
toegepaste wiskunde,NHL Stenden Hogeschool,B,Leeuwarden,Nederlands,4 jaar,voorspelling wachtlijsten ondergrond wiskundevakken integraalrekening matrixrekening prognosemodellen Excel Kansverdelingen Simulatiemodellen Excel risicoberekeningen tijdreeksanalyse Stenden Stenden-minors kenniscentrum
technische informatica,NHL Stenden Hogeschool,B,Emmen,Nederlands,4 jaar,hardwareplatforms C AI-concepten ontgrendel vision modelimplementatie kernprincipes extraheren benutten cloudoplossingen leerervaring beeldacquisitie patroonherkenning mini-supercomputer beeldsegmentatie objectdetectie stageprojecten droom systeem-engineering aanpassingen bachelor-opleiding Stenden doelgericht minorenfase Stenden
technische bedrijfskunde,NHL Stenden Hogeschool,B,Leeuwarden,Nederlands,4 jaar,kamers cafés restaurants studentenprijzen studentenverenigingen studententijd NT NT rekenvaardigheid Organisatieontwikkeling weerstand oorzaken respect LEAN-filosofie
ruimtelijke ontwikkeling,NHL Stenden Hogeschool,B,Leeuwarden,Nederlands,4 jaar,wijken bus station metro NT NT verkeerspsychologie herinrichting klimaatbestendigheid RO-shop visualisatietechnieken basischrijfvaardigheid beleidskader visualisatietechnieken overheidscommunicatie overheidsinstelling Geografie Planologie Stedenbouw
ocean technology,NHL Stenden Hogeschool,B,Terschelling,Nederlands,4 jaar,hydrografie NT NT hydrograaf geodesie dieptemetingen Manoeuvring dieptemeting surveyschepen fotoreportage GIS-kaart survey waterpassing toren plaatsbepalingstechnieken meetinstrument rekenmachine milieuwetenschap vaartocht veiligheidsmaatregelen Environmental voyage multibeam echoloding waterbodem dieptemeter meetvaartuig Marine opnemingsvaartuig kaarten congres mapping image mapping plaatsbepalingstechnieken geologie dredging Subsea positioning instituten gevaren onderzoeksverslag Oceanografie GIMA/Geo-informatie
maritieme techniek,NHL Stenden Hogeschool,B,Leeuwarden,Nederlands,4 jaar,jachten containerschepen voortstuwing afmetingen voet ontwerpspiraal lijnenplan hoofdafmetingen prijsbepaling trimmen weerstand constructieplannen ontwerpfase motor drinkwatersysteem vriessystemen rompvorm scheepsmodel zeiljacht esthetica sterkte-aspecten containerschip documentatie werkvloerstage werf monteren dossier koopvaardij motorjachten gaswinning schakeljaar onderzoeksopdracht
maritiem officier,NHL Stenden Hogeschool,B,Terschelling,Nederlands,4 jaar,koers Stenden instituten simulatorcentrum opleidingsvaartuigen restaurant koers wachtstuurman wachtstuurman belading officier reparatie basic elektriciteitsvoorziening reparaties A hydrauliek vloeistof tochten voortstuwing nood radiozendapparatuur hypermodern simulatorcentrum vaartijdverkorting vriestechniek ladingen fruit vlees vis praktijkvaren wachtstuurman sleephopperzuiger bedrijvendag Dredging Simulatorcentrum simulatorcentrum shipsimulator
informatica,NHL Stenden Hogeschool,B,Emmen,Nederlands,4 jaar,quality webapplicatie strijd sfeerimpressie programmeervaardigheden gegevensmanipulatie foutdetectie debugging softwareoptimalisatie App-ontwikkeling vakdocenten UI/UX-ontwerp quality Testen app-ontwikkeling monitoringssystemen managementsystemen softwareoplossing softwaretechnieken Kennismanagement gelegenheid teamomgeving softwareoplossingen kopje hieronder voltooiing verbeteringen
hbo-ict,NHL Stenden Hogeschool,B,Leeuwarden,Nederlands,4 jaar,ICT-oplossingen webtechnologie organisatie-inrichting daarachter organisatietalenten Accenture klachtenafhandeling verzekeringsmaatschappij gegevenspakhuis aluminiumfabriek Stenden bedrijfsuitdaging visitekaartje Rijksuniversiteit Stenden hbo-masteropleidingen
elektrotechniek,NHL Stenden Hogeschool,B,Leeuwarden,Nederlands,4 jaar,pedelec vormen electrical NT keuken bedrijfsopdracht wedstrijd netwerkanalyse circuit elektronicaproject meettechniek elektromagnetisme netwerkanalyse telecommunicatie-ontwerp spectrumanalyse wedstrijd projectvaardigheden stage-opdracht Stenden
communication and multimedia design,NHL Stenden Hogeschool,B,Leeuwarden,Nederlands,4 jaar,zelfscankassa bol ontwikkelaars designoplossingen Stenden-opleiding sollicitaties NT NT leertraject Film Film Stenden Film Stenden eruitziet visitekaartje afstudeerfase
civiele techniek,NHL Stenden Hogeschool,B,Leeuwarden,Nederlands,4 jaar,denker rioleringen NT NT polder buien academie fundatiecursussen veiligheidpaspoort documenten werkprocessen berekeningen werkvoorbereiden tekening planningen begroting problematiek klimaatontwikkelingen aanpassingen waterbeheersing intercultureel constructeur wegontwerper projectorganisaties relevant
chemische technologie,NHL Stenden Hogeschool,B,Leeuwarden,Nederlands,4 jaar,dosis eigenschap reactoren technoloog site watertechnologie hergebruik pilot
chemie,NHL Stenden Hogeschool,B,"Leeuwarden, Emmen",Nederlands,4 jaar,Stenden variant medicatie spectrometrie Polymers spectrometrie Stenden
werktuigbouwkunde,NHL Stenden Hogeschool,B,"Leeuwarden, Emmen",Nederlands,4 jaar,werktuigen NT matrijs spuitgietmachines spuitgietsimulaties handbereik projectondersteuning proefmodel fabrikant composiet Polymers frisdrankflessen realiteit Realiteit Polymers frituurolie
serious gaming,NHL Stenden Hogeschool,M,Leeuwarden,Nederlands,1 jaar,game-interventies innovatiespecialist doelgericht gameontwikkelaars abstractie werkelijkheid coördinator leer-/werkomgevingen
computer vision & data science,NHL Stenden Hogeschool,M,Leeuwarden,Nederlands,1 jaar,haal mastergraad image inspectietaak opstaat image camera's classificatie smokkelwaar graad beelddata aanvang aspirant programmeercompetenties instroom breid machine-learning specificaties klantspecificaties schaalbaar proactief inzetbaarheid contextniveau
design driven innovation,NHL Stenden Hogeschool,M,Leeuwarden,Nederlands,1 jaar,voedseltransitie verdeling welvaart wicked problems docent-onderzoekers innovator mailtje cross-overs methodieken demand aanleiding expertcolleges demand ontwikkeldoelen
marine shipping innovations,NHL Stenden Hogeschool,M,Terschelling,Nederlands,2 jaar,scheepvaart innovator studie-opdrachten beroepssituatie kernmodules opleidingscompetenties moduleopdrachten opleidingstraject
it service management,NHL Stenden Hogeschool,AD,Leeuwarden,Nederlands,2 jaar,ICT-dienstverlening pan ICT-processen ICT-dienstverlening klantvriendelijkheid gebruikersafdeling ICT-infrastructuur ICT-processen ICT-dienstverlening klantvriendelijkheid ICT-adviseur Klantgerichtheid to-face overtuigingskracht Stenden
industriële automatisering en robotica,NHL Stenden Hogeschool,AD,"Leeuwarden, Emmen",Nederlands,2 jaar,productiviteitsverhoging Stenden Ad-opleiding winst productiviteit beoordeling Stenden duaal combineren gezin studie-ervaring aanpassen aanpassing besturingsprincipes programmeertechnieken performance analyseer roboticavraagstuk methodieken eindwerk verantwoording
maritieme techniek,NHL Stenden Hogeschool,AD,Leeuwarden,Nederlands,2 jaar,scheepswerven watersportbedrijven vakmanschap duaal ontwikkelbehoeftes ontwikkelbehoeftes contactdag begeleiders leslocatie
cyber safety & security,NHL Stenden Hogeschool,AD,Leeuwarden,Nederlands,2 jaar,verstoring uitval systeemfouten integreer inschatting geschiktheid bedrijfsvoering orde dreiging aanbevelingen situatie​ grondslag grondslag implementatieplan Hacking hacker scannen projectvaardigheden
applied data science & artificial intelligence,Hogeschool Rotterdam,B,Rotterdam,Nederlands,4 jaar,trackers dataverzamelingen media-analyses koopgedrag responsible opschonen data-gedreven responsible artikel platformen kleven ongewenst artificial Ministerie NT A ICT-consultant Databasespecialist Webdeveloper Software-tester kernvakken onderzoeksthema kenniscentrum studiothema cities tracking dokter patiëntendossiers societies data-engineering bewuster oriënteer machinelearning nieuwsgierigheid verkenning ontwikkelreis loer responsible
informatica,Hogeschool Rotterdam,B,Rotterdam,Nederlands,4 jaar,IT-opleiding C Ministerie informaticavakgebied dagplanning projectontwikkelmethodieken
watermanagement,Hogeschool Rotterdam,B,Rotterdam,Nederlands,4 jaar,straten ideeënbedenker strijd bachelorstudie waterschappen regen verdroging RDM-terrein waterplein parken studiethema ondernemer paal omgang NT studiethema achtergrondkennis inwoners regenwater uitkomsten regenval zichtbaar Ecologie Waterkwaliteit waterkwaliteit zuurstof zoutgehalte wetten uitkomsten waterkwaliteit straatniveau regentonnen achterhoofd wetten loep waterketen regenwater verharding riool regenwater waterproblematieken belangenorganisaties waterplein riolering waterberging Municipal Environmental Ecosystem-based
technische informatica,Hogeschool Rotterdam,B,Rotterdam,Nederlands,4 jaar,C operatierobot sorteercentra webwinkels lampen Defensie webwinkels Ministerie NT automated toekomstplannen
technische bedrijfskunde,Hogeschool Rotterdam,B,Rotterdam,Nederlands,4 jaar,dienstverlening taak overleggen kostprijzen markteisen allrounders inkoop probleemoplossers Ministerie NT A bedrijfsbezoeken studieloopbaancoach dosis verdiepingsproject
ruimtelijke ontwikkeling,Hogeschool Rotterdam,B,Rotterdam,Nederlands,4 jaar,dieren schaars buitenruimte planologie mobiliteithubs bestrijding maquettes bestemmingsplannen procent projectleider Ministerie NT handtekenen inleiding maatvoering verkaveling Sketch-up Vergaderen Stadmaken initiatief Metropoolvorming groeiplan stadsontwikkeling belangen gebiedsontwikkelaar Afronden vaardigheid Conflicthantering masterrichting Planologie
mens en techniek,Hogeschool Rotterdam,B,Rotterdam,Nederlands,4 jaar,thuissituatie zorgverleners zorgingenieur bloeddrukmeters operatiekamers eromheen zorgverlener leverancier thuissituatie zorgingenieur Ministerie NT deel-)opdrachten procesbegeleider propedeusejaar zorgingenieur vaardighedenlijn anatomie praktijklijn risicoanalyse Gezondheidswetenschappen afwijken
maritieme techniek,Hogeschool Rotterdam,B,Rotterdam,Nederlands,4 jaar,afstandje sleepboten berekeningen scheepsbouwers typen functionaliteit wereldeconomie zeilen uitzicht scheepvaart leermiddelen Ministerie NT A werktuigbouwkundigen scheepsconstructie projectopdracht werf bachelordegree Dredging hbo-master
maritiem officier,Hogeschool Rotterdam,B,Rotterdam,Nederlands,4 jaar,vakantie containerschip voorzieningen dorp officier stroom zeevaartopleiding drukbevaren scheepsmotoren officier havenmeester uitzicht zeevaart leermiddelen Ministerie NT studiekeuzegesprek praktijkruimtes brugsimulator zeilschip reisvoorbereiding hbo-kwalificaties machinekamer cruiseschip tanker
logistics engineering,Hogeschool Rotterdam,B,Rotterdam,"Nederlands, Engels",4 jaar,hubs klimaatdoelstellingen wereldeconomie duurzaamheidsdoelstellingen ketens kranen transportmodaliteiten goud Sigma leermiddelen Ministerie NT A Studievoorlichting rapporteren transportprobleem bachelordegree
automotive,Hogeschool Rotterdam,B,Rotterdam,Nederlands,4 jaar,fasen topsnelheid helden probleemoplossers plaatje schoner ontwerper/constructeur NT A topdocenten interieurverlichting Sigma car mobiliteitsprobleem mock-up proefmodel vleugels partner Automotive-opleidingen vleugels partner Automotive-opleidingen vleugels partner Automotive-opleidingen
werktuigbouwkunde,Hogeschool Rotterdam,B,Rotterdam,Nederlands,4 jaar,instrumenten ziekenhuisapparatuur scooters werktuigbouwkundigen carrièremogelijkheden ontwerpteam afdelingsleider projectleider inspecteur variatie monteurs planners inkopers regelgevers NT A vorming beroepsdomeinen klussen dieselmotor verwijzen stromingsleer
industrieel product ontwerpen,Hogeschool Rotterdam,B,Rotterdam,Nederlands,4 jaar,maker instrumenten lasersnijders ontwikkelkits inspiratie vakanties bereikbaarheid industrieel IPO wonder topopleiding NT A specialisatiejaren meeloopstage ontwerpprobleem vaardigheidscases eindopdracht buitenruimte gebruiksonderzoek maten productpresentatie modelbouw ochtend middag studieruimtes bespreekmomenten mens/zorg stadsnatuur IPO-leeruitkomsten Afstudeerprojecten zeep bordspel autisme hbo-masterprogramma
creative media and game technologies,Hogeschool Rotterdam,B,Rotterdam,Nederlands,4 jaar,coderen techniekfilosofie collegezalen full-stack contracten Agencies Total spelers veelzijdigheid Ministerie NT A Studievoorlichting Media-en zelfsturing lat ontwerpvlak
biologie en medisch laboratoriumonderzoek,Hogeschool Rotterdam,B,Rotterdam,Nederlands,4 jaar,biobrandstof nano-niveau voedselkwaliteit plant Ministerie NT A curriculum wetenschappen afstudeerders
bouwkunde,Hogeschool Rotterdam,B,Rotterdam,Nederlands,4 jaar,kantoren winkelcentra actualiteit standpunten Ministerie NT havo/vwo wetswijziging ondernemer fases architecten milieueisen rapportages verantwoording fasering
chemie,Hogeschool Rotterdam,B,Rotterdam,Nederlands,4 jaar,must Ministerie NT A beantwoording laboratoriumvaardigheden samenstelling mengsels mastergraad chemometrie colloïdchemie
chemische technologie,Hogeschool Rotterdam,B,Rotterdam,Nederlands,4 jaar,bevriezing warmtewisselaar instrumenten boom ton feitjes aarde brandstoffen eindproducten specialismen procesinstallaties brandweer reactie RDM-terrein samenwerkingsverband Ministerie NT A beroepenveld leerbedrijf afstudeerverslag bachelordegree
civiele techniek,Hogeschool Rotterdam,B,Rotterdam,Nederlands,4 jaar,metrotunnels hartje woonomgevingen beheersing windmolenpark Ministerie NT eindexamenvak WIS buitenruimte woningbouw waterhuishouding schaars aanbesteding industrieterrein industrieterrein instandhouding nieuws kademuur vervanging schaars belangen tweetal tussenjaar
communication and multimedia design,Hogeschool Rotterdam,B,Rotterdam,Nederlands,4 jaar,tikkie Poppodium Paard observaties ontwerpstudio's webbouwer CMD'ers stagiaires CMD'ers Ministerie NT projectteam kwartalen ins CMD-er verbeelden CMD-er haken ontwerpafdeling haken ontwerpafdeling haken ontwerpafdeling
elektrotechniek,Hogeschool Rotterdam,B,Rotterdam,Nederlands,4 jaar,wekken verbinder energiebedrijven defensie Ministerie NT power steun
shipping and transport,Hogeschool Rotterdam,M,Rotterdam,Engels,1 jaar,scheepvaartbedrijven overwegingen fabrikanten rederijen presentatievaardigheden praktijkonderzoek kenniscentra kenniscentrum apply shipping vitae letter variant block different take handling connections processes decisions questions finances
river delta development (joint degree),Hogeschool Rotterdam,M,Rotterdam,Engels,2 jaar,thuisbasis omgevingen zeespiegels bodemdaling harmonie deltasystemen kustgebieden selectieprocedure Studentenbureau bevestiging studiefinanciering zelfreflectie capaciteit spreekvaardigheid delta evaluatieweek deltasysteem eindfase
ict internet of things,Hogeschool Rotterdam,AD,Rotterdam,Nederlands,2 jaar,stoplichten regen fietsers vuilniscontainers bed Ad-opleiding ontwikkelaar installateur phase NT diplomas admission note states userinteractie
data analytics,Hogeschool Rotterdam,AD,Rotterdam,Nederlands,2 jaar,knelpunten phase NT diplomas admission note states basisvaardigheden verdiepingsslag eindproducten dashboards
smart technology,Hogeschool Rotterdam,AD,Rotterdam,Nederlands,2 jaar,schaalbaarheid voedingsmiddelenindustrie phase NT diplomas admission note states regelsysteem curriculum PLC-techniek sensortechniek safety bedrijfsveiligheid topsectoren kerntaken
software development,Hogeschool Rotterdam,AD,Rotterdam,Nederlands,2 jaar,softwaretoepassingen proactief vorming Ministerie NT devices computervirus
engineering,Hogeschool Rotterdam,AD,Rotterdam,Nederlands,2 jaar,praktijkgedeelte voltijdstudenten College Ministerie NT CM praktijkgedeelte constructietechniek proceskunde storingsanalyse
integraal bouwmanagement,Hogeschool Rotterdam,AD,Dordrecht,Nederlands,2 jaar,BIM-modelleur calculator tenderengineer onderaannemers
information security,Hogeschool Rotterdam,AD,Rotterdam,Nederlands,2 jaar,informatiebeveiliging dreigingsanalyses IT-maatregelen verbinder informatiebeveiligingsbeleid borgen beschikbaarheid integriteit vertrouwelijkheid Ministerie NT Studievoorlichting perioden informatiebeveiliging dreigingsanalyse hacker bewijzen
archeologie,Saxion,B,Deventer,Nederlands,4 jaar,vondsten opgravingen vondstcategorieën registratie opgravingen prehistorie afgraving opgraving fieldschool opgraving fieldschool opgraving hoogtemetingen couperen monstername verdiepingsslag ontdekkingen publiek Oppervlaktekartering prehistorie bronstijd Bureauonderzoek publieksbereik Thuisgroepen Verbreden verbeelden erfgoedbeleid cultuurlandschappen keuzeblokken Publiek medewerking masterspecialisatie erfgoedspecialist onderzoeksstrategie publiek Rijksuniversiteit
technische natuurkunde,Saxion,B,Enschede,Nederlands,4 jaar,proeven straling vloeistofdynamica gassen inschakelen tumoren trillingen magnetisme SMS-training gewoontes gedachtes Enabling
technische informatica,Saxion,B,Enschede,Nederlands,4 jaar,robotgrasmaaier C racewagen elektrostudenten C racewagen elektrostudenten mobieltjes softwareontwerp testmethodes weerstation hartslagmeter voetbalrobot Thales Saxion-lectoraten ICT-systemen
technische bedrijfskunde,Saxion,B,"Enschede, Deventer",Nederlands,4 jaar,TBK'er verbeteringen Inleiding Procesmanagement Processimulatie Verandermanagement Procesinnovatie loopbaanontwikkeling procesinnovaties doorstudeerders commissies feesten borrels gewilder werkhouding stromen
ruimtelijke ontwikkeling,Saxion,B,Deventer,Nederlands,4 jaar,dorpen
mechatronica,Saxion,B,Enschede,Nederlands,4 jaar,bewegingen stofzuigerrobot soldeer bewerkingen meten bewegingen actuatoren
industrieel product ontwerpen,Saxion,B,Enschede,Nederlands,4 jaar,product-markt-combinaties verzorging Materialisatie productmodellen productonderdelen Visualisatie loopbaanontwikkeling productanalyse productontwikkelingsproces buitenbank oplaadfunctie Bedrijfsanalyse productanalyse
hbo-ict,Saxion,B,"Enschede, Deventer",Nederlands,4 jaar,beveiligen films secure-oplossingen continue life Twijfel VerbergenVakken fundamentals passen missie IT-strategie Model-driven Requirement IT-wensen slotte greep specialisatiefase
forensisch onderzoek,Saxion,B,Enschede,Nederlands,4 jaar,mannen vrouwen witten ongevallen branden incidenten delict wiskunde/statistiek forensics wetgeving FE toedracht hypotheses interviewen dna verloop brandversnellers ramp verkeersongeval gebeurtenis schoenafdrukken gegevensdragers Wetgeving onderzoekstechnieken VerbergenVakken Criminologie brandpreventie materiaalonderzoek brandpreventie materiaalonderzoek politieacademie
fashion & textile technologies,Saxion,B,Enschede,"Nederlands, Engels",4 jaar,pionier voetafdruk visionair fashion cirkel grondstof grondstof sportkleding eruitziet inkoper planet computerlokaal losstaan textielbedrijf
elektrotechniek,Saxion,B,Enschede,Nederlands,4 jaar,micro-elektronica printplaten micro controllers batterijen energievraagstukken robotracewagen C micro-elektronica inzetten bereik gelijkstroom wisselstroom C Ontwerpmethodieken Procesautomatisering compatibiliteit automatiseringsproject opwekking VerbergenOnderwerpen EIE Datanetwerken signaalverwerking VerbergenOnderwerpen grids quality opwekking automatiseringssysteem Solutions-project
creative media and game technologies,Saxion,B,Enschede,Engels,4 jaar,reality-ervaringen visuals kunstenaars leerpaden Kunstenaar Artist personages geluiden karakterontwikkeling Unity-fundamenten Kernvaardigheden Programmeerfundamenten Shader-programmering Artist kunstenaars leerpaden Kunstenaar Artist personages geluiden karakterontwikkeling Artist Producing Unreal
civiele techniek,Saxion,B,Enschede,Nederlands,4 jaar,klimaatveranderingen verkeersknooppunten parkeergarages hbo-vaardigheden studiecoaching verbouw klimaatadaptie specialisatiemodules studiecoach filmpje Wijkontwerp Stroomgebied bouwsector studiecoaching techneuten BIM-engineering uiting
chemische technologie,Saxion,B,Enschede,Nederlands,4 jaar,basistheorie pilotopstellingen destillatiekolom koeltoren vloeistoffen bierleiding geleiding straling reactor procesveiligheid bezinking grondstof Onderzoeksprojecten stromingsleer warmteoverdracht Onderzoeksprojecten ​Stage leer Chemical
chemie,Saxion,B,"Enschede, Deventer",Nederlands,4 jaar,creatie batterijen Polymeerchemie Chemical fingerprinting mining Grensvlakchemie bedrijf/instelling mastergraad
bouwkunde,Saxion,B,Enschede,Nederlands,4 jaar,klimaatadaptie bouwtechnieken klantbehoeften woongebouw managementkant Bouwinnovatie bouwsector winkel sportgebouw uiting
biologie en medisch laboratoriumonderzoek,Saxion,B,"Enschede, Deventer",Nederlands,4 jaar,enzymen babyvoeding honing VerbergenVakken metabolisme bloed bloedstolling uitslag mutaties genomics kerntaken kerntaken Wetenschappen
werktuigbouwkunde,Saxion,B,Enschede,Nederlands,4 jaar,WB oriënteer bedrijfspresentaties bedrijfsbezoeken materiaalkeuze plc-besturing pneumatiek gassen warmteleer productietechniek wielen wielen
applied nanotechnology,Saxion,M,Enschede,Engels,2 jaar,kenmerk fusie micro-/nano-engineering concentraties explosieven micro-/nanosensoren point-of-care-test huisartsen speeksel SluitenOnderwerpen systeemmodellering R&D-omgeving tutorials
robotics systems engineering,Saxion,M,Enschede,Engels,1.5 jaar,changers methodologie
master of urban and area development (joint degree),Saxion,M,Utrecht,Nederlands,2 jaar,Deelnemers provincies projectontwikkelaars bouwers architectenbureaus gebiedsmanagers gast procesmanagement onderzoekscompetenties stadsontwikkeling gebiedsregisseur keuzemodulen veranderingsprocessen contexten onderhandelingen
innovative textile development,Saxion,M,Enschede,Engels,1.5 jaar,textielinnovatie Science-diploma overgangscursus harte cross-overs cursusinhoud kwartalen kwartalen tutor projectdocent conceptualisering onderzoeksmethodologieën format Onderzoeksmethodologie Co-creatie branchevereniging lancering Co-creatie Manager Managing crossovers name thesis
ict: software engineering,Saxion,M,Deventer,Engels,1 jaar,softwarespecialist bezitten Science-diploma computing onderzoeksmethodologie waarschijnlijkheid programmeerconcepten programmeerparadigma's softwareontwerpfilosofie learning-project bewerkingen Bereik transfer
engineering,Saxion,AD,Enschede,Nederlands,2 jaar,erken professionaliteit takeholders opleidingsduur sturing Vernieuwing Aanpassingen intensivering wiskundeonderwijs toepassingsgericht wiskundebasis puntmassa Differentiëren Analyseren procesbesturing wrijving Berekenen puntmassa productieoptimalisatie
software development,Saxion,AD,"Enschede, Deventer",Engels,2 jaar,héél kantoortuin aard meeloopstages kantooromgeving coachen verwijzen bedrijfscultuur programming programming programming vulling meeloopstages
bouwkunde,Saxion,AD,Enschede,Nederlands,2 jaar,bachelortitel BIM-gebied knelpunten bouwinformatiemodellen Inleiding hoofddraagconstructies BIM-omgeving woningbouw hoofddraagconstructies Milieubewust Beheren utiliteitsbouw Meten ICT-toepassingen
biologie en medisch laboratoriumonderzoek,Hogeschool Utrecht,B,Utrecht,Nederlands,4 jaar,leukemie allergie dementie eiwittechnieken vaccin ebola epidemie metabole tumorbiologie keuzecursussen cursuspakket
built environment,Hogeschool Utrecht,B,Utrecht,Nederlands,4 jaar,energiegebruik noodzaak wiskunde)- isolatie sloopafval waterberging hittestress maten lesblok Geografie Planologie
chemie,Hogeschool Utrecht,B,Utrecht,Nederlands,4 jaar,deeltjes syntheses basiscursussen alcohol pijnstillers veiligheidsregels afstudeertitel master's
chemische technologie,Hogeschool Utrecht,B,Utrecht,Nederlands,4 jaar,liters kilo tonnen vaccinproductie reactiekinetiek stroming doorrekent reactortechnologie premastertraject
communication and multimedia design,Hogeschool Utrecht,B,Utrecht,Nederlands,4 jaar,CMD'er communicatieorganisatie designbureau communicatieafdeling profitorganisatie
elektrotechniek,Hogeschool Utrecht,B,Utrecht,Nederlands,4 jaar,bouwer lesperiode Energietechnologie modelleren/simuleren transportbedrijf energieproducent gebouwontwikkelaar procesautomatisering
hbo-ict,Hogeschool Utrecht,B,Utrecht,Nederlands,4 jaar,tegengaan knuffelrobot kleuters ICT-specialist ICT-oplossingen ICT-oplossingen knuffelrobot afvalbak ICT-keuzerichting
technische bedrijfskunde,Hogeschool Utrecht,B,Utrecht,Nederlands,4 jaar,ICT-oplossingen reflecteren concurrenten wetten voorraad metaal kostprijs slijtage trap bloedonderzoek PostNL pakketkluizen eigenaar eruitziet Quest-opdrachten projectmanager duurzaamheidsplan VolkerWessels handicap schakelsemester
werktuigbouwkunde,Hogeschool Utrecht,B,Utrecht,Nederlands,4 jaar,huid afgeeft koelmachine basisstof mens-aangedreven stijfheid
human-centered artificial intelligence,Hogeschool Utrecht,M,Utrecht,Nederlands,1 jaar,ChatGPT studiehulp werkgelegenheid uitlegbaarheid AI-wetgeving onderwijssysteem programmeerervaring bereidheid AI-modellen data-extractie data-preparatie valideren uitlegbaarheid transparantie deployment learning-modellen bedrijfssystemen learning-structuur pipelines ML-model
master of urban and area development (joint degree),Hogeschool Utrecht,M,Utrecht,Nederlands,2 jaar,vernieuwing gebieds-ontwikkeling agendavorming ontsluiting seniorniveau mastermodule onderzoeksprogramma
next level engineering,Hogeschool Utrecht,M,Utrecht,Engels,1 jaar,bachelorstudent methodologieën aanmeldingsprocedure leerteam systeemvisie vereisen curriculum tracks engineeringprojecten benaderingen bootcamp C C systeemverbetering competentie C systeemgrenzen complexiteitsmodellen cyclus C ingrediënten C feedbacksessies
bouwmanagement,Hogeschool Utrecht,AD,Utrecht,Nederlands,2 jaar,BIM-modelleur woningbouwproject BIM-modelleur BIM-modelleur BIM-modelleur materialisering gebouwconstructies Basisvaardigheden materialisering gebouwconstructies woningbouwproject BIM-model Uitvoeringsplanning schema controles bouwplan draagconstructies bouwvoorbereiding BIM-modellen Energiehuishouding warmteverlies woningbouwproject BIM-model Uitvoeringsplanning schema controles BIM-afdeling BIM-modellen ontwerpniveau woningbouwcorporaties rapportages
digitale techniek & media,Hogeschool Utrecht,AD,Utrecht,Nederlands,2 jaar,video's producties TV streaming uitzendingen radiostations broadcasting TV radio methodieken production-omgeving stukjes werksessies belichting
engineering,Hogeschool Utrecht,AD,Utrecht,Nederlands,2 jaar,verbinder leerteam energieopwekking
software development,Hogeschool Utrecht,AD,Amersfoort,Nederlands,2 jaar,basisconcepten datastructuur expertise requirementsanalyses leerteam validaties
river delta development (joint degree),Van Hall Larenstein University of Applied Sciences,M,Leeuwarden,Engels,2 jaar,shaping pressing global sea groundwater bridges between Bring advances developing locations companies possibilities rises farmers places river urban Studying understanding agencies agriculture living possible interventions needed Living testing master's order records are language letter words becoming apply flooding groundwater businesses universities urban After consulting river shaping
bouwkunde,Windesheim,B,"Zwolle, Almere",Nederlands,4 jaar,modeleren renovaties pand bouwwerken praktijkruimte beton mouwen bouwfouten materiaalkeuze bouwfouten materiaalkeuze Comakership kantoorgebouw bouwplan toren metaalbedrijf fietsenstalling station bouwmethodiek entree opvang gezinnen uitkijktorens Oostvaardersplassen vastgoedsector kwaliteitsborging bouwafval labeltransitie woningbouw huursector appartementen transitievisie
civiele techniek,Windesheim,B,Zwolle,Nederlands,4 jaar,begaanbaar spoorwegen omgevingsbelangen asfalt bouworganisaties waterzuiveringen doorrekening overheidsorganisatie bouworganisaties waterzuiveringen doorrekening overheidsorganisatie werknemer uitkomst Geo-Engineering
elektrotechniek,Windesheim,B,Zwolle,Nederlands,4 jaar,Passen elektrotechnicus keuken elektrotechnicus accu finale voorzieningen SMD-soldeerapparatuur gehoorapparaten parkeersensoren warmtepompen balanshandhaving nauwkeuriger audioversterker voorzieningen SMD-soldeerapparatuur gehoorapparaten parkeersensoren warmtepompen balanshandhaving nauwkeuriger sluitstuk eindverslag elektrotechnicus afstudeeropdrachten weerstandsmetingen www.studiekeuze123.nl lesgeven
engineering,Windesheim,B,Almere,Nederlands,4 jaar,zorgrobot ondernemer basisjaar studiekeuzes passen 3D-printers marketingplannen consument productdetaillering computertekenen straatpaaltje werktuigbouwer olienevel
hbo-ict,Windesheim,B,"Zwolle, Almere",Nederlands,4 jaar,ICT-sector ICT-vakgebied praktijkbehoeften weloverwogen studentbegeleider studiebegeleider cloudomgevingen sprekers cloudomgevingen sprekers
industrieel product ontwerpen,Windesheim,B,Zwolle,Nederlands,4 jaar,meubels transportmiddelen beantwoord werkplaatstechnieken rapportage beleving designgeschiedenis projectafsluiting borrel STUIP-leden kantine eerstejaars studievakken klankbord voorstellen productdetaillering handtekenen tablettekenen milieubewust designers duurzaam-energiepakket insectenvoedingsproducten productontwerp-studenten double analysevaardigheden deskundigheid
logistics engineering,Windesheim,B,Zwolle,Nederlands,4 jaar,boodschappen keten miljoen ton transporteur transportbedrijf warehouse Inleiding Professionaliseren Transportmodaliteiten Overslag terminals warehouse bedrijfsbelangen uitwisselingsprogramma inwoners bedrijfsbelangen uitwisselingsprogramma inwoners transportvisie winkelorganisatie filialen producent pakketbezorging muur
ruimtelijke ontwikkeling,Windesheim,B,Zwolle,Nederlands,4 jaar,leefomgevingen concentreer ruimtes mobiliteitsorganisaties oplossingsstrategieën cluster raakvlakken ontwerpprogramma Doorstroomnorm professionalisering professionalisering cycling doorstroming Planologie Geografie Planologie
technische bedrijfskunde,Windesheim,B,Zwolle,Nederlands,4 jaar,leid bladblazers treinen kabels gadgets frustraties opstart clubjes bedrijfsvoering magazijnrobot finale praktijkvraagstuk leermethode MBA
werktuigbouwkunde,Windesheim,B,Zwolle,Nederlands,4 jaar,hefmechanisme lagers versnellingsbak schoonmaakrobot boot bedieningsgemak procesbeheersing evenwicht versnellingsbak schoonmaakrobot boot bedieningsgemak procesbeheersing evenwicht premastertraject productiemachine testinstallatie laserlassysteem gaswinningsinstallatie tilhulpmiddel Polymer
bouwkunde,Windesheim,AD,Almere,Nederlands,2 jaar,bouwregelgeving bouwfouten Bedrijfsvoering Comakership leerbedrijf degree-niveau calculatieproces baten
industriële automatisering en robotica,Windesheim,AD,Zwolle,Nederlands,2 jaar,taakgebied Programmer programmeur Programmer controllers machine-hardware ISA88 C programmeeropdracht interoperabiliteit sockets sub vlakken commissie bachelors
software development,Windesheim,AD,Almere,Nederlands,2 jaar,webdevelopment C Doorstroomnorm pattern pattern afstudeer-Comakership
technische bedrijfskunde,Windesheim,AD,Zwolle,Nederlands,2 jaar,organisatiecultuur productkwaliteit toewerken dienstenmanagement productinformatie Procesmanagement waardepropositie organisatiecultuur sturing
applied science,Zuyd Hogeschool,B,"Heerlen, Geleen",Nederlands,4 jaar,Neem schoolbanken Reactiviteit Professionalisering onderzoeken stagemoment borstprothesen borstkankerpatiënt klimgrepen boulderhal afvalhoop DNA-analyse kankerpatiënt aanpassen zonlicht doorgroei onderwijspartner onderzoeksomgeving gaten loodjes afstudeerverslag bioprinter rapporteren
built environment,Zuyd Hogeschool,B,Heerlen,Nederlands,4 jaar,woonwijken turborotondes A STER-programma aanvragen toelatingsgesprek analyseer loopbaanontwikkeling levensloopbestendigheid ligplaatsenverhuur stadsrand gebouwtechnologie gebiedsvisie gebiedsvisie sollicitatietraining low overheids-)instelling ontwerpvoorstel docentbegeleider kantoorpanden winkelcentra huizen tekenaar bebouwing klimaatveranderingen parken regen tekenaar vastgoedbeheerder woningcorporatie
communication and multimedia design,Zuyd Hogeschool,B,Maastricht,Nederlands,4 jaar,wandeling stellage communicatie-oplossingen lead verzoeken moedertaal standpunt compositie kernboodschap beeldscherm workshop leerlingen communicatievraagstuk basisfuncties programeertalen standpunt compositie formuleringsadviezen copywriting vindbaarheid beeldscherm compositie typografie visuals ontwerpfilosofie kleurgebruik film workshop leerlingen interaction web-technologie web-technologie scripting visualisatie ontwikkelingsplan elevator branding prototypen reporter reporter coacht communicatievraagstuk einddoel fotografie treinbank communicatiespecialist Eerstejaars universum magie tof gadgets shots Bedrijfscommunicatie
engineering,Zuyd Hogeschool,B,Heerlen,Nederlands,4 jaar,A toelatingsgesprek voetbalrobot schietmechanisme checken energieomzettingen adviseer bierbrouwer brouwproces Kunststoftechniek klimgreep mini-fabrieken weerstand
hbo-ict,Zuyd Hogeschool,B,Heerlen,Nederlands,4 jaar,tv bedient filmsuggesties aanpakkers softwaretoepassingen interviewen informatiebeveiligingsplan dataverwerking informatievoorziening werkstuk afstudeercommissie wisselwerking zelfscankassa
mens en techniek,Zuyd Hogeschool,B,Heerlen,Nederlands,4 jaar,longmetingen artsen E toelaten certificaat sport revalidatie geleiding Longen bloedsomloop Gassen wisselstroom Meten Interpretatie kwaliteitscontrole Sport revalidatie afdeling hartfunctie longfunctie neurofysiologie stagebegeleider koffers beurzen revalidatie scholing afstudeervariant hartfunctie longfunctie neurofysiologie menu ziekenhuisafdeling scholing neurotherapie lichaamsfuncties sporters artsen
technische bedrijfskunde,Zuyd Hogeschool,B,Heerlen,Nederlands,4 jaar,flexibeler managers understanding zomervakantie bedrijfsvoering ketenoptimalisatie manager ERP-systemen Managementvaardigheden Sigma helikopterview lesrooster leidinggeven
engineering,Zuyd Hogeschool,AD,Heerlen,Nederlands,2 jaar,poosje checken
ict,Zuyd Hogeschool,AD,Heerlen,Nederlands,2 jaar,ad-opleiding cloud cloudomgevingen softwaretoepassingen interviewen informatievoorziening werkstuk afstudeercommissie ict-bedrijven aandachtsgebieden wisselwerking zelfscankassa
